Gene,gRNA
EGFL7,SNP-29-2
TMCO3,SNP-3-1
ANK1,SNP-61-1
NDUFS8,SNP-60-1
TCIRG1,SNP-60-1
CD52,SNP-21-2
TFRC,SNP-26-2
SLC7A5,SNP-74-1
CMC1,SNP-80-2
CTSB,SNP-45-2
GFI1B,SNP-63-2
GFI1B,SNP-76-2
NFE2,SNP-83-2
PTPRC,SNP-14-2
CD164,SNP-7-2
GLRX5,SNP-58-2
ANKRD12,SNP-64-2
PTPRC,SNP-13-1
PDLIM1,SNP-77-2
SLC25A37,SNP-33-1
H2AFY,SNP-78-1
NUDT4,SNP-62-2
CR1L,SNP-20-2
ACTN4,SNP-34-2
PTPRC,SNP-12-2
PIEZO1,SNP-35-1
CTU2,SNP-35-1
TMCO3,SNP-55-1
VEGFB,SNP-53-1
DHRS13,SNP-59-1
TLCD1,SNP-59-1
PTPRC,SNP-18-1
PTPRC,SNP-11-1
TFRC,SNP-22-2
GATA2,SNP-69-2
ZMYND8,SNP-68-1
OAZ1,SNP-75-2
PTPRC,SNP-15-2
APOE,SNP-36-1
APOC1,SNP-36-1
MAZ,SNP-10-2
CDCA3,SNP-28-2
ARID1A,SNP-21-1
RNF166,SNP-86-2
CDT1,SNP-86-2
PIEZO1,SNP-86-2
APRT,SNP-86-2
GALNS,SNP-86-2
ZC3H18,SNP-86-2
CBFA2T3,SNP-86-2
CTU2,SNP-86-2
MVD,SNP-86-2
TRAPPC2L,SNP-86-2
SNAI3,SNP-86-2
ZFPM1,SNP-86-2
CYBA,SNP-86-2
ACTR2,SNP-39-1
SLC1A4,SNP-39-1
RAB1A,SNP-39-1
SERTAD2,SNP-39-1
CEP68,SNP-39-1
AFTPH,SNP-39-1
FARP2,SNP-79-1
SEPT2,SNP-79-1
DTYMK,SNP-79-1
ATG4B,SNP-79-1
THAP4,SNP-79-1
STK25,SNP-79-1
D2HGDH,SNP-79-1
ING5,SNP-79-1
PASK,SNP-79-1
PPP1R7,SNP-79-1
MTERF4,SNP-79-1
HDLBP,SNP-79-1
KDELR2,SNP-85-1
CCZ1B,SNP-85-1
ZNF316,SNP-85-1
PMS2,SNP-85-1
EIF2AK1,SNP-85-1
ZNF12,SNP-85-1
DAGLB,SNP-85-1
ZDHHC4,SNP-85-1
C7orf26,SNP-85-1
RAC1,SNP-85-1
CYTH3,SNP-85-1
USP42,SNP-85-1
AIMP2,SNP-85-1
AGPAT2,SNP-29-2
ENTR1,SNP-29-2
AJM1,SNP-29-2
NPDC1,SNP-29-2
CARD9,SNP-29-2
PMPCA,SNP-29-2
INPP5E,SNP-29-2
SEC16A,SNP-29-2
QSOX2,SNP-29-2
TRAF2,SNP-29-2
SAPCD2,SNP-29-2
UAP1L1,SNP-29-2
DIPK1B,SNP-29-2
SNAPC4,SNP-29-2
MAN1B1,SNP-29-2
DPP7,SNP-29-2
DNLZ,SNP-29-2
PHPT1,SNP-29-2
PAXX,SNP-29-2
EDF1,SNP-29-2
TMEM141,SNP-29-2
GPSM1,SNP-29-2
FBXW5,SNP-29-2
RABL6,SNP-29-2
ABCA2,SNP-29-2
USP21,SNP-8-2
B4GALT3,SNP-8-2
NDUFS2,SNP-8-2
PFDN2,SNP-8-2
TOMM40L,SNP-8-2
NIT1,SNP-8-2
UFC1,SNP-8-2
DEDD,SNP-8-2
PPOX,SNP-8-2
MPZ,SNP-8-2
F11R,SNP-8-2
FCGR2A,SNP-8-2
USF1,SNP-8-2
SDHC,SNP-8-2
DCUN1D2,SNP-3-1
CUL4A,SNP-3-1
PCID2,SNP-3-1
GRTP1,SNP-3-1
LAMP1,SNP-3-1
TFDP1,SNP-3-1
GAS6,SNP-3-1
TFDP1,SNP-2-2
DCUN1D2,SNP-2-2
CUL4A,SNP-2-2
LAMP1,SNP-2-2
PCID2,SNP-2-2
TMCO3,SNP-2-2
GRTP1,SNP-2-2
NCOA3,SNP-68-2
CD55,SNP-20-2
CD46,SNP-20-2
PPP1R14A,SNP-34-2
SARS2,SNP-34-2
PAK4,SNP-34-2
YIF1B,SNP-34-2
FBXO27,SNP-34-2
FBXO17,SNP-34-2
NFKBIB,SNP-34-2
MRPS12,SNP-34-2
PSMD8,SNP-34-2
EIF3K,SNP-34-2
FAM98C,SNP-34-2
KCNK6,SNP-34-2
ECH1,SNP-34-2
SIRT2,SNP-34-2
DPF1,SNP-34-2
HNRNPL,SNP-34-2
GINS4,SNP-61-1
IKBKB,SNP-61-1
AP3M2,SNP-61-1
KAT6A,SNP-61-1
GPAT4,SNP-61-1
GOLGA7,SNP-61-1
LRP5,SNP-60-1
PPP6R3,SNP-60-1
GSTP1,SNP-60-1
NUDT8,SNP-60-1
KMT5B,SNP-60-1
CHKA,SNP-60-1
NDUFV1,SNP-60-1
C11orf24,SNP-60-1
SH3BGRL3,SNP-21-2
CEP85,SNP-21-2
DHDDS,SNP-21-2
HMGN2,SNP-21-2
AUNIP,SNP-21-2
PDIK1L,SNP-21-2
UBXN11,SNP-21-2
CRYBG2,SNP-21-2
STMN1,SNP-21-2
FAM110D,SNP-21-2
ZNF593,SNP-21-2
PIGV,SNP-21-2
PAFAH2,SNP-21-2
RPS6KA1,SNP-21-2
MLF2,SNP-28-1
MRPL51,SNP-28-1
LTBR,SNP-28-1
TPI1,SNP-28-1
COPS7A,SNP-28-1
GAPDH,SNP-28-1
NCAPD2,SNP-28-1
LPAR5,SNP-28-1
PTMS,SNP-28-1
P3H3,SNP-28-1
ZNF384,SNP-28-1
ACRBP,SNP-28-1
SPSB2,SNP-28-1
NOP2,SNP-28-1
CHD4,SNP-28-1
USP5,SNP-28-1
ING4,SNP-28-1
CD9,SNP-28-1
TNFRSF1A,SNP-28-1
ZDHHC19,SNP-26-2
PCYT1A,SNP-26-2
TM4SF19,SNP-26-2
FBXO45,SNP-26-2
UBXN7,SNP-26-2
RNF168,SNP-26-2
WDR53,SNP-26-2
TNK2,SNP-26-2
BANP,SNP-74-1
KLHDC4,SNP-74-1
MAP1LC3B,SNP-74-1
FBXO31,SNP-74-1
CA5A,SNP-74-1
ZCCHC14,SNP-74-1
AZI2,SNP-80-2
TNFRSF1A,SNP-27-1
CD9,SNP-27-1
COPS7A,SNP-27-1
MRPL51,SNP-27-1
CHD4,SNP-27-1
LPAR5,SNP-27-1
MLF2,SNP-27-1
PTMS,SNP-27-1
ING4,SNP-27-1
NOP2,SNP-27-1
ZNF384,SNP-27-1
ACRBP,SNP-27-1
P3H3,SNP-27-1
LTBR,SNP-27-1
NCAPD2,SNP-27-1
GAPDH,SNP-27-1
PCBD2,SNP-78-2
PITX1,SNP-78-2
RRP12,SNP-38-1
MMS19,SNP-38-1
PI4K2A,SNP-38-1
FRAT2,SNP-38-1
ZDHHC16,SNP-38-1
MORN4,SNP-38-1
MARVELD1,SNP-38-1
ARHGAP19,SNP-38-1
ZFYVE27,SNP-38-1
EXOSC1,SNP-38-1
AVPI1,SNP-38-1
PGAM1,SNP-38-1
YY1,SNP-67-2
WDR25,SNP-67-2
WARS,SNP-67-2
NEIL2,SNP-45-2
FDFT1,SNP-45-2
TSC1,SNP-63-2
SPACA9,SNP-63-2
REXO4,SNP-63-2
MED22,SNP-63-2
SURF4,SNP-63-2
SURF1,SNP-63-2
CACFD1,SNP-63-2
RALGDS,SNP-63-2
SURF6,SNP-63-2
DDX31,SNP-63-2
RPL7A,SNP-63-2
SURF2,SNP-63-2
GTF3C5,SNP-63-2
GTF3C4,SNP-63-2
NAA40,SNP-53-2
COX8A,SNP-53-2
STIP1,SNP-53-2
CCDC88B,SNP-53-2
ESRRA,SNP-53-2
PRDX5,SNP-53-2
FERMT3,SNP-53-2
DNAJC4,SNP-53-2
TRMT112,SNP-53-2
MARK2,SNP-53-2
FKBP2,SNP-53-2
RPS6KA4,SNP-53-2
MACROD1,SNP-53-2
OTUB1,SNP-53-2
C11orf95,SNP-53-2
PLCB3,SNP-53-2
TRPT1,SNP-53-2
SPINDOC,SNP-53-2
BAD,SNP-53-2
GPR137,SNP-53-2
CATSPERZ,SNP-53-2
PPP1R14B,SNP-53-2
NUDT22,SNP-53-2
NEK7,SNP-12-2
GTF3C5,SNP-76-2
MED22,SNP-76-2
SURF6,SNP-76-2
RPL7A,SNP-76-2
GTF3C4,SNP-76-2
SURF4,SNP-76-2
CACFD1,SNP-76-2
TSC1,SNP-76-2
REXO4,SNP-76-2
SPACA9,SNP-76-2
DDX31,SNP-76-2
RALGDS,SNP-76-2
SURF1,SNP-76-2
SURF2,SNP-76-2
CDT1,SNP-73-1
CBFA2T3,SNP-73-1
ACSF3,SNP-73-1
GALNS,SNP-73-1
CYBA,SNP-73-1
TRAPPC2L,SNP-73-1
MVD,SNP-73-1
APRT,SNP-73-1
SNAI3,SNP-73-1
PIEZO1,SNP-73-1
RNF166,SNP-73-1
ZNF778,SNP-73-1
ZC3H18,SNP-73-1
CTU2,SNP-73-1
CTSZ,SNP-48-1
TUBB1,SNP-48-1
PRELID3B,SNP-48-1
STX16,SNP-48-1
NELFCD,SNP-48-1
ATP5F1E,SNP-48-1
GNAS,SNP-48-1
SMUG1,SNP-83-2
CBX5,SNP-83-2
HOXC8,SNP-83-2
HOXC9,SNP-83-2
COPZ1,SNP-83-2
ZNF385A,SNP-83-2
HOXC6,SNP-83-2
ITGA5,SNP-83-2
GTSF1,SNP-83-2
NCKAP1L,SNP-83-2
HNRNPA1,SNP-83-2
LAMP1,SNP-5-2
DCUN1D2,SNP-5-2
TFDP1,SNP-5-2
TMCO3,SNP-5-2
GRTP1,SNP-5-2
PCID2,SNP-5-2
CUL4A,SNP-5-2
DYNLL1,SNP-81-2
TRIAP1,SNP-81-2
SRSF9,SNP-81-2
SPPL3,SNP-81-2
POP5,SNP-81-2
RPLP0,SNP-81-2
COQ5,SNP-81-2
PXN,SNP-81-2
GCN1,SNP-81-2
UNC119B,SNP-81-2
SIRT4,SNP-81-2
RNF10,SNP-81-2
RAB35,SNP-81-2
COX6A1,SNP-81-2
ACADS,SNP-81-2
GATC,SNP-81-2
MLEC,SNP-81-2
DOT1L,SNP-75-2
ADAT3,SNP-75-2
BTBD2,SNP-75-2
ABHD17A,SNP-75-2
PLEKHJ1,SNP-75-2
LSM7,SNP-75-2
AP3D1,SNP-75-2
MOB3A,SNP-75-2
LMNB2,SNP-75-2
TIMM13,SNP-75-2
SPPL2B,SNP-75-2
MKNK2,SNP-75-2
SF3A2,SNP-75-2
AMH,SNP-75-2
KLF16,SNP-75-2
REXO1,SNP-75-2
CSNK1G2,SNP-75-2
SCAMP4,SNP-75-2
RAB1A,SNP-82-2
SERTAD2,SNP-82-2
SLC1A4,SNP-82-2
CEP68,SNP-82-2
AFTPH,SNP-82-2
ACTR2,SNP-82-2
CYBA,SNP-35-1
MVD,SNP-35-1
GALNS,SNP-35-1
ZFPM1,SNP-35-1
ACSF3,SNP-35-1
TRAPPC2L,SNP-35-1
CDT1,SNP-35-1
APRT,SNP-35-1
CBFA2T3,SNP-35-1
ZNF778,SNP-35-1
RNF166,SNP-35-1
SNAI3,SNP-35-1
ZC3H18,SNP-35-1
TFDP1,SNP-55-1
GRTP1,SNP-55-1
LAMP1,SNP-55-1
CUL4A,SNP-55-1
PCID2,SNP-55-1
GAS6,SNP-55-1
DCUN1D2,SNP-55-1
PCYT1A,SNP-24-2
ZDHHC19,SNP-24-2
RNF168,SNP-24-2
WDR53,SNP-24-2
TFRC,SNP-24-2
TNK2,SNP-24-2
UBXN7,SNP-24-2
FBXO45,SNP-24-2
TM4SF19,SNP-24-2
NEK7,SNP-14-2
ABRAXAS2,SNP-47-1
LHPP,SNP-47-1
FAM53B,SNP-47-1
OAT,SNP-47-1
EEF1AKMT2,SNP-47-1
CTBP2,SNP-47-1
DCUN1D2,SNP-4-1
TMCO3,SNP-4-1
LAMP1,SNP-4-1
TFDP1,SNP-4-1
ATP11A,SNP-4-1
PCID2,SNP-4-1
GRTP1,SNP-4-1
CUL4A,SNP-4-1
ERAL1,SNP-59-1
FLOT2,SNP-59-1
RPL23A,SNP-59-1
KIAA0100,SNP-59-1
NUFIP2,SNP-59-1
ALDOC,SNP-59-1
SUPT6H,SNP-59-1
MYO18A,SNP-59-1
TRAF4,SNP-59-1
UNC119,SNP-59-1
RSKR,SNP-59-1
SLC46A1,SNP-59-1
SDF2,SNP-59-1
PROCA1,SNP-59-1
FAM222B,SNP-59-1
PIGS,SNP-59-1
PHF12,SNP-59-1
SPAG5,SNP-59-1
GLUL,SNP-57-1
RNASEL,SNP-57-1
NPL,SNP-57-1
PTPRC,SNP-16-2
CEP57L1,SNP-7-2
SESN1,SNP-7-2
PPIL6,SNP-7-2
ZBTB24,SNP-7-2
MICAL1,SNP-7-2
DICER1,SNP-58-2
ZBTB24,SNP-6-2
PTPRC,SNP-17-1
CEP57L1,SNP-6-2
SESN1,SNP-6-2
CD164,SNP-6-2
PPIL6,SNP-6-2
MICAL1,SNP-6-2
NDUFV2,SNP-64-2
MTCL1,SNP-64-2
PPP4R1,SNP-64-2
RALBP1,SNP-64-2
TWSG1,SNP-64-2
ZNF296,SNP-36-1
CLASRP,SNP-36-1
BCL3,SNP-36-1
TRAPPC6A,SNP-36-1
GEMIN7,SNP-36-1
RELB,SNP-36-1
EXOC3L2,SNP-36-1
KLC3,SNP-36-1
NECTIN2,SNP-36-1
BLOC1S3,SNP-36-1
CLPTM1,SNP-36-1
PVR,SNP-36-1
PPP1R37,SNP-36-1
ERCC2,SNP-36-1
PPP1R13L,SNP-36-1
ZNF180,SNP-36-1
CD3EAP,SNP-36-1
MARK4,SNP-36-1
NEK7,SNP-18-1
HK1,SNP-49-1
SUPV3L1,SNP-49-1
VPS26A,SNP-49-1
DDX21,SNP-49-1
FAM241B,SNP-49-1
SRGN,SNP-49-1
DDX50,SNP-49-1
KIF1BP,SNP-49-1
ACTR2,SNP-50-2
SLC1A4,SNP-50-2
SPRED2,SNP-50-2
CEP68,SNP-50-2
RAB1A,SNP-50-2
SLC29A1,SNP-87-1
GTPBP2,SNP-87-1
VEGFA,SNP-87-1
MAD2L1BP,SNP-87-1
POLH,SNP-87-1
HSP90AB1,SNP-87-1
ABCC10,SNP-87-1
ZNF318,SNP-87-1
TJAP1,SNP-87-1
XPO5,SNP-87-1
MRPS18A,SNP-87-1
TMEM63B,SNP-87-1
YIPF3,SNP-87-1
MRPL14,SNP-87-1
POLR1C,SNP-87-1
AARS2,SNP-87-1
NFKBIE,SNP-87-1
SLC35B2,SNP-87-1
MAMSTR,SNP-9-2
CA11,SNP-9-2
SNRNP70,SNP-9-2
RASIP1,SNP-9-2
RUVBL2,SNP-9-2
GRWD1,SNP-9-2
PPP1R15A,SNP-9-2
C19orf73,SNP-9-2
LIN7B,SNP-9-2
SPHK2,SNP-9-2
BAX,SNP-9-2
GYS1,SNP-9-2
PLEKHA4,SNP-9-2
NUCB1,SNP-9-2
TRPM4,SNP-9-2
CYTH2,SNP-9-2
CD37,SNP-9-2
FTL,SNP-9-2
RPL18,SNP-9-2
KDELR1,SNP-9-2
GRIN2D,SNP-9-2
FUT1,SNP-9-2
KCNJ14,SNP-9-2
DBP,SNP-9-2
HRC,SNP-9-2
PPFIA3,SNP-9-2
TEAD2,SNP-9-2
BCAT2,SNP-9-2
SORBS1,SNP-77-2
TCTN3,SNP-77-2
ALDH18A1,SNP-77-2
ENTPD1,SNP-77-2
GTDC1,SNP-46-1
ZEB2,SNP-46-1
ZDHHC19,SNP-22-2
RNF168,SNP-22-2
WDR53,SNP-22-2
PCYT1A,SNP-22-2
UBXN7,SNP-22-2
TM4SF19,SNP-22-2
FBXO45,SNP-22-2
TNK2,SNP-22-2
MAP7,SNP-72-1
MAP3K5,SNP-72-1
IFNGR1,SNP-72-1
BCLAF1,SNP-72-1
PEX7,SNP-72-1
RAB7A,SNP-69-2
SEC61A1,SNP-69-2
RPN1,SNP-69-2
RUVBL1,SNP-69-2
ACAD9,SNP-69-2
BOLA2B,SNP-10-2
CDIPT,SNP-10-2
PPP4C,SNP-10-2
TMEM68,SNP-54-1
LYN,SNP-54-1
TGS1,SNP-54-1
KCTD13,SNP-10-2
KIF22,SNP-10-2
MAPK3,SNP-10-2
PLAG1,SNP-54-1
CHCHD7,SNP-54-1
HIRIP3,SNP-10-2
INO80E,SNP-10-2
TMEM219,SNP-10-2
TAOK2,SNP-10-2
PAGR1,SNP-10-2
MVP,SNP-10-2
ALDOA,SNP-10-2
SEZ6L2,SNP-10-2
YPEL3,SNP-10-2
QPRT,SNP-10-2
RPS20,SNP-54-1
BOLA2-SMG1P6,SNP-10-2
SPN,SNP-10-2
PPP1R2,SNP-23-1
TFRC,SNP-23-1
TM4SF19,SNP-23-1
PCYT1A,SNP-23-1
UBXN7,SNP-23-1
ZDHHC19,SNP-23-1
TNK2,SNP-23-1
PTPRC,SNP-19-1
NEK7,SNP-19-1
TNFRSF10A,SNP-33-1
ENTPD4,SNP-33-1
R3HCC1,SNP-33-1
TNFRSF10B,SNP-33-1
CHMP7,SNP-33-1
LMO2,SNP-37-2
CD59,SNP-37-2
CAPRIN1,SNP-37-2
FBXO3,SNP-37-2
NAT10,SNP-37-2
FOXP4,SNP-71-1
TAF8,SNP-71-1
MED20,SNP-71-1
BYSL,SNP-71-1
C6orf132,SNP-71-1
USP49,SNP-71-1
MRPS10,SNP-71-1
CCND3,SNP-71-1
C2orf68,SNP-52-2
ELMOD3,SNP-52-2
ST3GAL5,SNP-52-2
TMEM150A,SNP-52-2
RNF181,SNP-52-2
MAT2A,SNP-52-2
RETSAT,SNP-52-2
VAMP8,SNP-52-2
USP39,SNP-52-2
TGOLN2,SNP-52-2
CAPG,SNP-52-2
GGCX,SNP-52-2
HBE1,SNP-70-2
HBG2,SNP-70-2
TRIM6,SNP-70-2
OR51J1,SNP-70-2
HBG1,SNP-70-2
TRIM5,SNP-70-2
OR51I2,SNP-70-2
OR51B5,SNP-70-2
OR52A5,SNP-70-2
HBD,SNP-70-2
OR52A1,SNP-70-2
OR51B4,SNP-70-2
REXO2,SNP-30-2
RBM7,SNP-30-2
NNMT,SNP-30-2
ZW10,SNP-30-2
USP28,SNP-30-2
PSMC5,SNP-1-2
MILR1,SNP-1-2
DDX5,SNP-1-2
DDX42,SNP-1-2
SMARCD2,SNP-1-2
STRADA,SNP-1-2
ERN1,SNP-1-2
TEX2,SNP-1-2
POLG2,SNP-1-2
ICAM2,SNP-1-2
SMURF2,SNP-1-2
CCDC47,SNP-1-2
FTSJ3,SNP-1-2
CEP95,SNP-1-2
TNFRSF8,SNP-56-2
KIAA2013,SNP-56-2
FBXO44,SNP-56-2
AGTRAP,SNP-56-2
MTHFR,SNP-56-2
CLCN6,SNP-56-2
MAD2L2,SNP-56-2
MIIP,SNP-56-2
TNFRSF1B,SNP-56-2
PLOD1,SNP-56-2
VPS13D,SNP-56-2
FBXO2,SNP-56-2
FBXO6,SNP-56-2
MFN2,SNP-56-2
TNFRSF10A,SNP-32-1
TNFRSF10B,SNP-32-1
R3HCC1,SNP-32-1
ENTPD4,SNP-32-1
CHMP7,SNP-32-1
SLC25A37,SNP-32-1
SLC43A3,SNP-42-2
SSRP1,SNP-42-2
SELENOH,SNP-42-2
TNKS1BP1,SNP-42-2
CTNND1,SNP-42-2
CLP1,SNP-42-2
TMX2,SNP-42-2
ZDHHC5,SNP-42-2
TIMM10,SNP-42-2
UBE2L6,SNP-42-2
MED19,SNP-42-2
SLC43A1,SNP-42-2
MRFAP1,SNP-41-2
MAN2B2,SNP-41-2
BLOC1S4,SNP-41-2
GRPEL1,SNP-41-2
MRFAP1L1,SNP-41-2
TBC1D14,SNP-41-2
TADA2B,SNP-41-2
KIAA0232,SNP-41-2
TECPR2,SNP-40-2
WDR20,SNP-40-2
CDC42BPB,SNP-40-2
HSP90AA1,SNP-40-2
ANKRD9,SNP-40-2
CINP,SNP-40-2
TRAF3,SNP-40-2
RCOR1,SNP-40-2
ZNF839,SNP-40-2
CRADD,SNP-62-2
UBE2N,SNP-62-2
MRPL42,SNP-62-2
SOCS2,SNP-62-2
EEA1,SNP-62-2
PARP1,SNP-88-2
LIN9,SNP-88-2
SDE2,SNP-88-2
H3F3A,SNP-88-2
MIXL1,SNP-88-2
PYCR2,SNP-88-2
ACBD3,SNP-88-2
TMEM63A,SNP-88-2
