gRNA_id,gRNA_group,gRNA_type,,,,
SNP-1-1,rs76708468,enh_target,,,,
SNP-1-2,rs76708468,enh_target,,,,
SNP-2-1,13:113875407_GC_G,enh_target,,,,
SNP-2-2,13:113875407_GC_G,enh_target,,,,
SNP-3-1,rs117066769,enh_target,,,,
SNP-3-2,rs117066769,enh_target,,,,
SNP-4-1,rs515863,enh_target,,,,
SNP-4-2,rs515863,enh_target,,,,
SNP-5-1,rs9604045,enh_target,,,,
SNP-5-2,rs9604045,enh_target,,,,
SNP-6-1,rs11753645,enh_target,,,,
SNP-6-2,rs11753645,enh_target,,,,
SNP-7-1,rs1546722,enh_target,,,,
SNP-7-2,rs1546722,enh_target,,,,
SNP-8-1,rs4575098,enh_target,,,,
SNP-8-2,rs4575098,enh_target,,,,
SNP-9-1,rs580811,enh_target,,,,
SNP-9-2,rs580811,enh_target,,,,
SNP-10-1,rs34286592,enh_target,,,,
SNP-10-2,rs34286592,enh_target,,,,
SNP-11-1,1:198630156_CCA_C,enh_target,,,,
SNP-11-2,1:198630156_CCA_C,enh_target,,,,
SNP-12-1,rs1326270,enh_target,,,,
SNP-12-2,rs1326270,enh_target,,,,
SNP-13-1,rs1326279,enh_target,,,,
SNP-13-2,rs1326279,enh_target,,,,
SNP-14-1,rs1926231,enh_target,,,,
SNP-14-2,rs1926231,enh_target,,,,
SNP-15-1,rs1998843,enh_target,,,,
SNP-15-2,rs1998843,enh_target,,,,
SNP-16-1,rs4915152,enh_target,,,,
SNP-16-2,rs4915152,enh_target,,,,
SNP-17-1,rs6669994,enh_target,,,,
SNP-17-2,rs6669994,enh_target,,,,
SNP-18-1,rs75567729,enh_target,,,,
SNP-18-2,rs75567729,enh_target,,,,
SNP-19-1,rs78900449,enh_target,,,,
SNP-19-2,rs78900449,enh_target,,,,
SNP-20-1,1:207821519_AACAC_A,enh_target,,,,
SNP-20-2,1:207821519_AACAC_A,enh_target,,,,
SNP-21-1,rs4526602,enh_target,,,,
SNP-21-2,rs4526602,enh_target,,,,
SNP-22-1,rs11712192,enh_target,,,,
SNP-22-2,rs11712192,enh_target,,,,
SNP-23-1,rs181424108,enh_target,,,,
SNP-23-2,rs181424108,enh_target,,,,
SNP-24-1,rs4916481,enh_target,,,,
SNP-24-2,rs4916481,enh_target,,,,
SNP-25-1,rs4916491,enh_target,,,,
SNP-25-2,rs4916491,enh_target,,,,
SNP-26-1,rs9325434,enh_target,,,,
SNP-26-2,rs9325434,enh_target,,,,
SNP-27-1,rs11525582,enh_target,,,,
SNP-27-2,rs11525582,enh_target,,,,
SNP-28-1,rs9669611,enh_target,,,,
SNP-28-2,rs9669611,enh_target,,,,
SNP-29-1,rs62581550,enh_target,,,,
SNP-29-2,rs62581550,enh_target,,,,
SNP-30-1,11:114087665_TTTA_T,enh_target,,,,
SNP-30-2,11:114087665_TTTA_T,enh_target,,,,
SNP-31-1,6:139855979_TA_T,enh_target,,,,
SNP-31-2,6:139855979_TA_T,enh_target,,,,
SNP-32-1,8:23079392_CT_C,enh_target,,,,
SNP-32-2,8:23079392_CT_C,enh_target,,,,
SNP-33-1,rs1010848,enh_target,,,,
SNP-33-2,rs1010848,enh_target,,,,
SNP-34-1,rs10415219,enh_target,,,,
SNP-34-2,rs10415219,enh_target,,,,
SNP-35-1,rs10445033,enh_target,,,,
SNP-35-2,rs10445033,enh_target,,,,
SNP-36-1,rs1065853,enh_target,,,,
SNP-36-2,rs1065853,enh_target,,,,
SNP-37-1,rs11032440,enh_target,,,,
SNP-37-2,rs11032440,enh_target,,,,
SNP-38-1,rs11189159,enh_target,,,,
SNP-38-2,rs11189159,enh_target,,,,
SNP-39-1,rs116132320,enh_target,,,,
SNP-39-2,rs116132320,enh_target,,,,
SNP-40-1,rs11622216,enh_target,,,,
SNP-40-2,rs11622216,enh_target,,,,
SNP-41-1,rs11731274,enh_target,,,,
SNP-41-2,rs11731274,enh_target,,,,
SNP-42-1,rs11820985,enh_target,,,,
SNP-42-2,rs11820985,enh_target,,,,
SNP-43-1,rs12127399,enh_target,,,,
SNP-43-2,rs12127399,enh_target,,,,
SNP-44-1,rs12784232,enh_target,,,,
SNP-44-2,rs12784232,enh_target,,,,
SNP-45-1,rs1293303,enh_target,,,,
SNP-45-2,rs1293303,enh_target,,,,
SNP-46-1,rs1346343,enh_target,,,,
SNP-46-2,rs1346343,enh_target,,,,
SNP-47-1,rs1563272,enh_target,,,,
SNP-47-2,rs1563272,enh_target,,,,
SNP-48-1,rs163803,enh_target,,,,
SNP-48-2,rs163803,enh_target,,,,
SNP-49-1,rs17476364,enh_target,,,,
SNP-49-2,rs17476364,enh_target,,,,
SNP-50-1,rs1876518,enh_target,,,,
SNP-50-2,rs1876518,enh_target,,,,
SNP-51-1,rs200439949,enh_target,,,,
SNP-51-2,rs200439949,enh_target,,,,
SNP-52-1,rs2028898,enh_target,,,,
SNP-52-2,rs2028898,enh_target,,,,
SNP-53-1,rs2429454,enh_target,,,,
SNP-53-2,rs2429454,enh_target,,,,
SNP-54-1,rs2719233,enh_target,,,,
SNP-54-2,rs2719233,enh_target,,,,
SNP-55-1,rs2997995,enh_target,,,,
SNP-55-2,rs2997995,enh_target,,,,
SNP-56-1,rs35249183,enh_target,,,,
SNP-56-2,rs35249183,enh_target,,,,
SNP-57-1,rs35305150,enh_target,,,,
SNP-57-2,rs35305150,enh_target,,,,
SNP-58-1,rs35362007,enh_target,,,,
SNP-58-2,rs35362007,enh_target,,,,
SNP-59-1,rs35531439,enh_target,,,,
SNP-59-2,rs35531439,enh_target,,,,
SNP-60-1,rs4147779,enh_target,,,,
SNP-60-2,rs4147779,enh_target,,,,
SNP-61-1,rs4737009,enh_target,,,,
SNP-61-2,rs4737009,enh_target,,,,
SNP-62-1,rs4761702,enh_target,,,,
SNP-62-2,rs4761702,enh_target,,,,
SNP-63-1,rs524137,enh_target,,,,
SNP-63-2,rs524137,enh_target,,,,
SNP-64-1,rs527890099,enh_target,,,,
SNP-64-2,rs527890099,enh_target,,,,
SNP-65-1,rs550065584,enh_target,,,,
SNP-65-2,rs550065584,enh_target,,,,
SNP-66-1,rs55731938,enh_target,,,,
SNP-66-2,rs55731938,enh_target,,,,
SNP-67-1,rs5811007,enh_target,,,,
SNP-67-2,rs5811007,enh_target,,,,
SNP-68-1,rs6063101,enh_target,,,,
SNP-68-2,rs6063101,enh_target,,,,
SNP-69-1,rs62270945,enh_target,,,,
SNP-69-2,rs62270945,enh_target,,,,
SNP-70-1,rs6578598,enh_target,,,,
SNP-70-2,rs6578598,enh_target,,,,
SNP-71-1,rs6899324,enh_target,,,,
SNP-71-2,rs6899324,enh_target,,,,
SNP-72-1,rs6924387,enh_target,,,,
SNP-72-2,rs6924387,enh_target,,,,
SNP-73-1,rs7200905,enh_target,,,,
SNP-73-2,rs7200905,enh_target,,,,
SNP-74-1,rs7200918,enh_target,,,,
SNP-74-2,rs7200918,enh_target,,,,
SNP-75-1,rs7256735,enh_target,,,,
SNP-75-2,rs7256735,enh_target,,,,
SNP-76-1,rs73660574,enh_target,,,,
SNP-76-2,rs73660574,enh_target,,,,
SNP-77-1,rs75522380,enh_target,,,,
SNP-77-2,rs75522380,enh_target,,,,
SNP-78-1,rs75925066,enh_target,,,,
SNP-78-2,rs75925066,enh_target,,,,
SNP-79-1,rs773303298,enh_target,,,,
SNP-79-2,rs773303298,enh_target,,,,
SNP-80-1,rs77661738,enh_target,,,,
SNP-80-2,rs77661738,enh_target,,,,
SNP-81-1,rs7964008,enh_target,,,,
SNP-81-2,rs7964008,enh_target,,,,
SNP-82-1,rs79709502,enh_target,,,,
SNP-82-2,rs79709502,enh_target,,,,
SNP-83-1,rs79755767,enh_target,,,,
SNP-83-2,rs79755767,enh_target,,,,
SNP-84-1,rs8111617,enh_target,,,,
SNP-84-2,rs8111617,enh_target,,,,
SNP-85-1,rs836534,enh_target,,,,
SNP-85-2,rs836534,enh_target,,,,
SNP-86-1,rs885074,enh_target,,,,
SNP-86-2,rs885074,enh_target,,,,
SNP-87-1,rs9369425,enh_target,,,,
SNP-87-2,rs9369425,enh_target,,,,
SNP-88-1,rs9943081,enh_target,,,,
SNP-88-2,rs9943081,enh_target,,,,
CD46-1-1,CD46,tss_target,,,,
CD46-2-2,CD46,tss_target,,,,
CD52-1-1,CD52,tss_target,,,,
CD52-2-2,CD52,tss_target,,,,
HSPA8-1-1,HSPA8,tss_target,,,,
HSPA8-2-2,HSPA8,tss_target,,,,
NMU-1-1,NMU,tss_target,,,,
NMU-2-2,NMU,tss_target,,,,
PPIA-1-1,PPIA,tss_target,,,,
PPIA-2-2,PPIA,tss_target,,,,
RPL22-1-1,RPL22,tss_target,,,,
RPL22-2-2,RPL22,tss_target,,,,
NTC-1,nt,non_target,,,,
NTC-2,nt,non_target,,,,
NTC-3,nt,non_target,,,,
NTC-4,nt,non_target,,,,
NTC-5,nt,non_target,,,,
NTC-6,nt,non_target,,,,
NTC-7,nt,non_target,,,,
NTC-8,nt,non_target,,,,
NTC-9,nt,non_target,,,,
NTC-10,nt,non_target,,,,
NTC-11,nt,non_target,,,,
NTC-12,nt,non_target,,,,
CD55-1,CD55,tss_target,,,,
CD55-2,CD55,tss_target,,,,
CD55-3,CD55,tss_target,,,,
CD55-4,CD55,tss_target,,,,
CD55-5,CD55,tss_target,,,,
CD55-6,CD55,tss_target,,,,
CD55-7,CD55,tss_target,,,,
CD55-8,CD55,tss_target,,,,
CD55-9,CD55,tss_target,,,,
CD55-10,CD55,tss_target,,,,
