gRNA_id,gRNA_group,gRNA_type
TAATAGGGATATCATGTACC,rs76708468,enh_target
TATTGTTCAGGATGTGAGCG,rs76708468,enh_target
TGAGTTGAGAACTGCGCGTC,13:113875407_GC_G,enh_target
CTAGTTGTGCCCGCTGCTCG,13:113875407_GC_G,enh_target
GCTTCTCTCGGTTGGTCCAA,rs117066769,enh_target
ACTGCTAAGCTTCTCTCGGT,rs117066769,enh_target
TCTATACCAGCACGGCTATG,rs515863,enh_target
CCTCTATACCAGCACGGCTA,rs515863,enh_target
TAAGGGTTTCGGAGTGGCCG,rs9604045,enh_target
CGCGCCTCTCAGAGGAGTTT,rs9604045,enh_target
ATCTTGAAACACTTACGCAG,rs11753645,enh_target
AACACTTACGCAGTGGTGTG,rs11753645,enh_target
ATAAGGAAGGTCGTTAAACC,rs1546722,enh_target
TTAACGACCTTCCTTATCAA,rs1546722,enh_target
CAATGGGGAAGGTACTCAAT,rs4575098,enh_target
TGGCCCCAGCAACAGTCAAT,rs4575098,enh_target
GGGCCTGACATTAGTCAAGC,rs580811,enh_target
CCAGGTGCACAGAGTGGAAC,rs580811,enh_target
TTAACTGGGTTGAGACCGCG,rs34286592,enh_target
GCGGTCTCAACCCAGTTAAC,rs34286592,enh_target
ATTGATCCTAGTCACCTCTA,1:198630156_CCA_C,enh_target
TAGCTGCTAACTTTCACACC,1:198630156_CCA_C,enh_target
TAACAGCCCAAACATAACTC,rs1326270,enh_target
AGAAATCCGTTGGAGATAAG,rs1326270,enh_target
GTAGGGTCGTATTTCATATG,rs1326279,enh_target
TGAAATACGACCCTACCAGT,rs1326279,enh_target
CCATTTAATACACTTCCACC,rs1926231,enh_target
CCAGGTGGAAGTGTATTAAA,rs1926231,enh_target
TTAATGGAGCCAAACCAAGC,rs1998843,enh_target
TTACCACCACCAGCTTGGTT,rs1998843,enh_target
CCCGAGAACATTAGCCTTAA,rs4915152,enh_target
TCCCGAGAACATTAGCCTTA,rs4915152,enh_target
GTACCCAAAACTAGCAGATT,rs6669994,enh_target
AGTACCCAAAACTAGCAGAT,rs6669994,enh_target
GCCGTGGCAAAGATTAACTT,rs75567729,enh_target
CATTGATGGCTCTCTACATT,rs75567729,enh_target
GACCCTGTGGACAATCTAGT,rs78900449,enh_target
TCTCCAACTAGATTGTCCAC,rs78900449,enh_target
CATTATCTTCTTCAACTTCC,1:207821519_AACAC_A,enh_target
TGGGAGGCTGAAGGGCGTGA,1:207821519_AACAC_A,enh_target
GATGCATCACCCTACCTGTC,rs4526602,enh_target
GTGGGACTGTGCGTTCCCTA,rs4526602,enh_target
TTATTCGCTTGCGGAAAATA,rs11712192,enh_target
TGAGGCCGTGGCCGTCTCAC,rs11712192,enh_target
GCTCACACAGTATTGATGAC,rs181424108,enh_target
CTCACACAGTATTGATGACA,rs181424108,enh_target
ACAATCGTCAAAGCCTCTGC,rs4916481,enh_target
TAACTAGCTGAAGGCCGCTG,rs4916481,enh_target
ATCACCGGCTTACATGTTAG,rs4916491,enh_target
CTAACATGTAAGCCGGTGAT,rs4916491,enh_target
GACTGTCAGTCCTACAGACG,rs9325434,enh_target
CACACTAGTTGGGCACAGAG,rs9325434,enh_target
GCCAGTAAGTGGCTATGCTG,rs11525582,enh_target
ACCCCAGCATAGCCACTTAC,rs11525582,enh_target
GCGGTTCACATAGACAGCTG,rs9669611,enh_target
AGCAGAGATTCCGTGACATC,rs9669611,enh_target
CTATCCTCTCAAATTAGCGG,rs62581550,enh_target
GGGCGGACGTGCTCTGGATA,rs62581550,enh_target
TAGAAGCCTTATCTGTCCCC,11:114087665_TTTA_T,enh_target
CTACTATGTGCTTAAATGCT,11:114087665_TTTA_T,enh_target
AGTGTTAGGCTTGGCCTATC,6:139855979_TA_T,enh_target
TTTAGCTTACCAGGGCAGTC,6:139855979_TA_T,enh_target
GTTCCATGTAGTAAGGGTGC,8:23079392_CT_C,enh_target
TTCCATGTAGTAAGGGTGCA,8:23079392_CT_C,enh_target
TAAGCGATAGCAGCCCACCC,rs1010848,enh_target
CTTAAGAACACGTCTGCCTC,rs1010848,enh_target
TGCCAAATACGGCCTGCTCT,rs10415219,enh_target
GCCCCAGAGCAGGCCGTATT,rs10415219,enh_target
TGTGCCCGGCGATAAGGTCT,rs10445033,enh_target
GCATCCCAGACCTTATCGCC,rs10445033,enh_target
GCATACCACTAGGATTAATT,rs1065853,enh_target
CATACCACTAGGATTAATTT,rs1065853,enh_target
CGTCATTGCCTAAGGTTGTT,rs11032440,enh_target
AACCTTAGGCAATGACGAAG,rs11032440,enh_target
GAAAACCGCAACCCTGCAGT,rs11189159,enh_target
CTTCTCGTGATTGTGGCAGA,rs11189159,enh_target
GCCCTGACCCAGCTTAGAAA,rs116132320,enh_target
CTCAAGGCTGTATTTGAGGG,rs116132320,enh_target
CATCGCGATAAGATTATCGA,rs11622216,enh_target
ATCGCGATAAGATTATCGAG,rs11622216,enh_target
TCTACTCTAGATCCGATTCC,rs11731274,enh_target
GGGTGACAAAACGAACTTGC,rs11731274,enh_target
CTATATGGTGAGTCCGCCCT,rs11820985,enh_target
CCTATATGGTGAGTCCGCCC,rs11820985,enh_target
GTTGAACTTCTAATCGGGTG,rs12127399,enh_target
CACCCGATTAGAAGTTCAAC,rs12127399,enh_target
TTTCTGAAAGCGCGAGCTAG,rs12784232,enh_target
CTAGCTCGCGCTTTCAGAAA,rs12784232,enh_target
TACGCTTCCAACCCTCGAAT,rs1293303,enh_target
ATACGCTTCCAACCCTCGAA,rs1293303,enh_target
TTAGATGTAGCATTCAATTG,rs1346343,enh_target
TAGATGTAGCATTCAATTGT,rs1346343,enh_target
GCCGTAGCTCATGAGTTCTA,rs1563272,enh_target
CTATTACGTGTTCACCCTGC,rs1563272,enh_target
GACAAGATGTGCGTCTGTGA,rs163803,enh_target
GTGCGTCTGTGAAGGACTGC,rs163803,enh_target
TAGTGAACACCTAAGGCCGA,rs17476364,enh_target
ATGTAGGAGTCGATCTGCCT,rs17476364,enh_target
TCGGTGCAGGGCCGCTCCAC,rs1876518,enh_target
ACGGTGAGATCTCTCTGCTC,rs1876518,enh_target
GACAGGCATGTGTCCCCGTT,rs200439949,enh_target
AACGGGGACACATGCCTGTC,rs200439949,enh_target
GATATTAGGCCGTCCTTCCC,rs2028898,enh_target
GAGTGGTGTACCCTTCCAGC,rs2028898,enh_target
ACTTGCGGTGCTTCCCTTTC,rs2429454,enh_target
AAGGGAAGCACCGCAAGTCT,rs2429454,enh_target
GACATAGGGCCTAAAAGCCA,rs2719233,enh_target
ACATAGGGCCTAAAAGCCAA,rs2719233,enh_target
CCTTGCCGTTAATCCTGTGG,rs2997995,enh_target
TTACCCTCCCCACCCGTAAC,rs2997995,enh_target
GGATCGTGATGTGATCAGTT,rs35249183,enh_target
GATCGTGATGTGATCAGTTG,rs35249183,enh_target
GGACCATCAAATCCTAGGGT,rs35305150,enh_target
GACCATCAAATCCTAGGGTT,rs35305150,enh_target
ACTAGTATGCCACCAGTTAC,rs35362007,enh_target
TGGTGGCATACTAGTTGACA,rs35362007,enh_target
CATTGTTCTCCGATGCTGAG,rs35531439,enh_target
GTTGTATGTCTGCGTACATG,rs35531439,enh_target
GGAAACCCCACCGTGTCGCT,rs4147779,enh_target
CGACACGGTGGGGTTTCCCT,rs4147779,enh_target
CCACCAGGAGCATCGCTGTT,rs4737009,enh_target
TTCCCCAACAGCGATGCTCC,rs4737009,enh_target
AGATGAGCAACTAACTGCCT,rs4761702,enh_target
GATGAGCAACTAACTGCCTT,rs4761702,enh_target
GCTGGAAACCGTCACGGTTA,rs524137,enh_target
TGGCTCGTGGGATGTCTACG,rs524137,enh_target
CTCTAATTGGTGCCTGGTTC,rs527890099,enh_target
TGTGAGAGCCCAACAAAGTT,rs527890099,enh_target
CACCGTGCGATAAACTTATC,rs550065584,enh_target
ATAAGTTTATCGCACGGTGC,rs550065584,enh_target
GGATAGCATATCATTAGTTG,rs55731938,enh_target
CAACTAATGATATGCTATCC,rs55731938,enh_target
CTGGCTTCTCGTCCGAACGT,rs5811007,enh_target
TCTGGCTTCTCGTCCGAACG,rs5811007,enh_target
GACCGTTACGCGAAATGGAC,rs6063101,enh_target
TCTCTGACCGTTACGCGAAA,rs6063101,enh_target
GCTTAAATCGTTCCCTGCTT,rs62270945,enh_target
TCAGGGCGAAGTGATTTATG,rs62270945,enh_target
CTAGATAAAGGGAACGGCGT,rs6578598,enh_target
GCTAGATAAAGGGAACGGCG,rs6578598,enh_target
CCCTTAAAACAGTGCCTAGT,rs6899324,enh_target
TAAAACAGTGCCTAGTGGGC,rs6899324,enh_target
GAGGCAGATATAACGCATTT,rs6924387,enh_target
TGAGGCAGATATAACGCATT,rs6924387,enh_target
TAACGGGACGCACTGCTTCT,rs7200905,enh_target
GTGCGTCCCGTTAACCTGCC,rs7200905,enh_target
TGGCGCGGCCACACTTATCT,rs7200918,enh_target
CTTTCGACCTTAAGGAGGCG,rs7200918,enh_target
AATACCTTCTGAGTCACGGT,rs7256735,enh_target
ATACCTTCTGAGTCACGGTG,rs7256735,enh_target
TTGCATGGCGGCTGGCCCAA,rs73660574,enh_target
TGTCGGCCTGGGTGCAGCGT,rs73660574,enh_target
GTATCAGTTATGGCCAGACC,rs75522380,enh_target
GTCAGCTTCAGTATCAGTTA,rs75522380,enh_target
ACAGAGCACGTACACTAACT,rs75925066,enh_target
GTACGTGCTCTGTGACCTAG,rs75925066,enh_target
GCTGGCACTTCTTGACGTGA,rs773303298,enh_target
CACTTCTTGACGTGAGGGTT,rs773303298,enh_target
CCCTACACAGACACGTGCGT,rs77661738,enh_target
CCCCTACACAGACACGTGCG,rs77661738,enh_target
CTTGACTTAGTAAGGGGCCC,rs7964008,enh_target
CTGGGCCCCTTACTAAGTCA,rs7964008,enh_target
CGTTGGATACAAGTGCGGTT,rs79709502,enh_target
CCCAAACGTTCGTCTAATTG,rs79709502,enh_target
CAAGCATCGGGGTAACCGCC,rs79755767,enh_target
CGGGCGGTTACCCCGATGCT,rs79755767,enh_target
TCTATTTAACAGATACTGGC,rs8111617,enh_target
CTATTTAACAGATACTGGCT,rs8111617,enh_target
AGGGTACAGCGTCCGTTATG,rs836534,enh_target
TCCGTTATGTGGTTCCTTAC,rs836534,enh_target
CTCGCCCAGGTGACTCTGGT,rs885074,enh_target
GGCCCCTCCCAGACATCTCG,rs885074,enh_target
CGGTTCACTTATTCTCATTG,rs9369425,enh_target
GTCAGGCCACACTAACTGTC,rs9369425,enh_target
CTTATCTTCAGTCAGCCGGC,rs9943081,enh_target
GAACTGTACAGCGTTCTTAT,rs9943081,enh_target
CACTGGATGCTTTGTGAGTT,CD46,tss_target
ACTGGATGCTTTGTGAGTTG,CD46,tss_target
TAGGTGATCTCAGGGCTGTC,CD52,tss_target
GTGATCTCAGGGCTGTCTGG,CD52,tss_target
GTGGAGCCGGGCTTGTGATT,HSPA8,tss_target
AGTGGAGCCGGGCTTGTGAT,HSPA8,tss_target
TGCGCTGCGCCACGCGTAGC,NMU,tss_target
GGTGGAGCACCAGCTACGCG,NMU,tss_target
TCTGCAAAACGGCACGAGCC,PPIA,tss_target
CGGCGGTGGCGTCTGCAAAA,PPIA,tss_target
CGCGGAGCCATACTAACCAC,RPL22,tss_target
CATGGCTCCTGTGGTTAGTA,RPL22,tss_target
CGCGGAAATTTTACCGACGA,nt,non_target
CGTGTGTGGGTAAACGGAAA,nt,non_target
GCCTGCCCTAAACCCCGGAA,nt,non_target
CCGTGTTCCACAACTACCCT,nt,non_target
ACAAACGACCTTGAGCAGGG,nt,non_target
ATAGCGGATGTCCTTGGAAA,nt,non_target
CATCTGTAGGGTTGCAAGCC,nt,non_target
GCACGCTGTACAGACGACAA,nt,non_target
AGGTCAAGCCGACCTCGAAC,nt,non_target
CCGTTGATCCCCAGGCGTGC,nt,non_target
AAAATAGCAGTAAACTCAAC,nt,non_target
TGGAAAGCGAGCACACCGTC,nt,non_target
CTCCGGCGTCATACGCCCCG,CD55,tss_target
CCCCACTCTCCCCGAGTCTA,CD55,tss_target
GCCCTAGACTCGGGGAGAGT,CD55,tss_target
GTGGTCAGAGGTGCGGTCAG,CD55,tss_target
TCCCCACTCTCCCCGAGTCT,CD55,tss_target
TGGTCAGAGGTGCGGTCAGA,CD55,tss_target
GGCCCTAGACTCGGGGAGAG,CD55,tss_target
CCCTAGACTCGGGGAGAGTG,CD55,tss_target
GAGGTGCGGTCAGAGGGCTC,CD55,tss_target
TAGACTCGGGGAGAGTGGGG,CD55,tss_target
